[
    {
        "title": "Learn PHP basics",
        "status": "Done",
        "created": "2019-01-01"
    },
    {
        "title": "Learn PHP OOP",
        "status": "Done",
        "created": "2019-02-01"
    },
    {
        "title": "Learn PHP Frameworks",
        "status": "New",
        "created": "2019-03-01"
    },
    {
        "title": "kek",
        "status": "new",
        "created": "2019-06-05"
    },
    {
        "title": "blah",
        "status": "new",
        "created": "2019-06-05"
    },
    {
        "title": "hello",
        "status": "new",
        "created": "2019-06-05"
    },
    {
        "title": "road to php developer",
        "status": "new",
        "created": "2019-06-05"
    },
    {
        "title": "final marks",
        "status": "new",
        "created": "2019-06-07"
    },
    {
        "title": "yo",
        "status": "new",
        "created": "2019-06-07"
    },
    {
        "title": "clean the floor",
        "status": "new",
        "created": "2019-06-07"
    },
    {
        "title": "day week month",
        "status": "new",
        "created": "2019-06-07",
        "employer": "John John (cleaner)"
    }
]